Metric,Value
roi_mean,1.1162499999999997
roi_p50,-0.15000000000000013
roi_p90,0.14386666666666653
roi_sims,80.0
field_pool,1200.0
