Metric,Value
roi_mean,1.6939833333333332
roi_p50,-0.176
roi_p90,16.32786666666667
roi_sims,80.0
field_pool,1200.0
